[
  {
    "id": "8a546edc-8b80-454a-9207-781dfbe6809c",
    "data": [
      {
        "text": "unit ",
        "userDefined": false
      },
      {
        "text": "6",
        "meta": "@sys.ignore",
        "userDefined": false
      }
    ],
    "isTemplate": false,
    "count": 0,
    "updated": 1542182283
  },
  {
    "id": "0e8eb294-0ed4-464c-9ce7-7cb22142f97e",
    "data": [
      {
        "text": "\tCapital Hospital,Unit-6, Bhubaneswar",
        "userDefined": false
      }
    ],
    "isTemplate": false,
    "count": 0,
    "updated": 1542182283
  }
]