[
  {
    "id": "0aeb5951-282f-4f94-a27d-9222152976a6",
    "data": [
      {
        "text": "I am upset",
        "userDefined": false
      }
    ],
    "isTemplate": false,
    "count": 0,
    "updated": 0
  },
  {
    "id": "8238cf59-30e1-4f06-abe2-9d531a1b321b",
    "data": [
      {
        "text": "I\u0027m unhappy",
        "userDefined": false
      }
    ],
    "isTemplate": false,
    "count": 0,
    "updated": 0
  },
  {
    "id": "ffbf6717-9e8b-4ffa-a23a-afb6f7671b14",
    "data": [
      {
        "text": "I\u0027m not happy",
        "userDefined": false
      }
    ],
    "isTemplate": false,
    "count": 0,
    "updated": 0
  },
  {
    "id": "8702d03e-13f2-419b-a506-11ff0b274bcf",
    "data": [
      {
        "text": "I\u0027m having a bad day",
        "userDefined": false
      }
    ],
    "isTemplate": false,
    "count": 0,
    "updated": 0
  },
  {
    "id": "bc6ffa3b-6aee-4b93-9f03-3ff84545e691",
    "data": [
      {
        "text": "I",
        "meta": "@sys.ignore",
        "userDefined": false
      },
      {
        "text": " want ",
        "userDefined": false
      },
      {
        "text": "to",
        "meta": "@sys.ignore",
        "userDefined": false
      },
      {
        "text": " cry",
        "userDefined": false
      }
    ],
    "isTemplate": false,
    "count": 0,
    "updated": 0
  },
  {
    "id": "07db5339-f0ca-4109-9c12-0ddd1ba6f50a",
    "data": [
      {
        "text": "I am sad",
        "userDefined": false
      }
    ],
    "isTemplate": false,
    "count": 0,
    "updated": 0
  },
  {
    "id": "40f73e54-d1e7-4cf2-a228-4914f4fda95e",
    "data": [
      {
        "text": "I\u0027m grieving",
        "userDefined": false
      }
    ],
    "isTemplate": false,
    "count": 0,
    "updated": 0
  },
  {
    "id": "40127106-416a-4e1d-9c18-b71eb617d0a0",
    "data": [
      {
        "text": "I am feeling sad",
        "userDefined": false
      }
    ],
    "isTemplate": false,
    "count": 0,
    "updated": 0
  },
  {
    "id": "0f2bbe2c-1178-4811-849e-744b98a528e7",
    "data": [
      {
        "text": "I am depressed",
        "userDefined": false
      }
    ],
    "isTemplate": false,
    "count": 0,
    "updated": 0
  }
]