[
  {
    "id": "b4e47270-a3bb-44ff-a4c3-b31c067e3f30",
    "data": [
      {
        "text": "it",
        "meta": "@sys.ignore",
        "userDefined": false
      },
      {
        "text": "\u0027s wrong",
        "userDefined": false
      }
    ],
    "isTemplate": false,
    "count": 0,
    "updated": 0
  },
  {
    "id": "a2701e13-21aa-4347-b90c-e0db721820dd",
    "data": [
      {
        "text": "that\u0027s wrong",
        "userDefined": false
      }
    ],
    "isTemplate": false,
    "count": 0,
    "updated": 0
  },
  {
    "id": "f2443455-b9b3-4bc8-9c4b-1fd98f718cd3",
    "data": [
      {
        "text": "wrong",
        "userDefined": false
      }
    ],
    "isTemplate": false,
    "count": 0,
    "updated": 0
  },
  {
    "id": "e6814595-80ac-41e0-b008-3e580e29f632",
    "data": [
      {
        "text": "you are wrong",
        "userDefined": false
      }
    ],
    "isTemplate": false,
    "count": 0,
    "updated": 0
  },
  {
    "id": "2d41078f-5ebd-429a-9dc2-bc8b3f9e33fd",
    "data": [
      {
        "text": "that is incorrect",
        "userDefined": false
      }
    ],
    "isTemplate": false,
    "count": 0,
    "updated": 0
  },
  {
    "id": "b508118c-a7bf-4f61-880b-c65b58985373",
    "data": [
      {
        "text": "incorrect",
        "userDefined": false
      }
    ],
    "isTemplate": false,
    "count": 0,
    "updated": 0
  },
  {
    "id": "648f2fe5-f98d-43f9-8aac-ae22114302b7",
    "data": [
      {
        "text": "that\u0027s not right",
        "userDefined": false
      }
    ],
    "isTemplate": false,
    "count": 0,
    "updated": 0
  },
  {
    "id": "242edbd0-7540-4e3a-8e35-151dcb3ab6f3",
    "data": [
      {
        "text": "that was wrong",
        "userDefined": false
      }
    ],
    "isTemplate": false,
    "count": 2,
    "updated": 0
  },
  {
    "id": "c547300a-aeea-4591-a0dc-52935a849827",
    "data": [
      {
        "text": "not right",
        "userDefined": false
      }
    ],
    "isTemplate": false,
    "count": 1,
    "updated": 0
  },
  {
    "id": "efc99fa5-cbd7-479f-af48-165ebe215aff",
    "data": [
      {
        "text": "it",
        "meta": "@sys.ignore",
        "userDefined": false
      },
      {
        "text": " is not right",
        "userDefined": false
      }
    ],
    "isTemplate": false,
    "count": 0,
    "updated": 0
  },
  {
    "id": "fb2bcd95-b375-4085-b18c-dc7a7193740e",
    "data": [
      {
        "text": "not correct",
        "userDefined": false
      }
    ],
    "isTemplate": false,
    "count": 0,
    "updated": 0
  },
  {
    "id": "ef7c5482-db7a-43de-a8e0-08b22faffbb4",
    "data": [
      {
        "text": "that\u0027s not what I asked",
        "userDefined": false
      }
    ],
    "isTemplate": false,
    "count": 0,
    "updated": 0
  }
]