[
  {
    "id": "fe9cf5ac-812a-443e-a497-62ce2049747e",
    "data": [
      {
        "text": "what is going ",
        "userDefined": false
      },
      {
        "text": "on",
        "meta": "@sys.ignore",
        "userDefined": false
      }
    ],
    "isTemplate": false,
    "count": 0,
    "updated": 0
  },
  {
    "id": "ff7ccd52-a743-4c08-b979-4a2985e22706",
    "data": [
      {
        "text": "what\u0027s happened",
        "userDefined": false
      }
    ],
    "isTemplate": false,
    "count": 1,
    "updated": 0
  },
  {
    "id": "9dc68602-7ea9-49c5-b143-ef010b8d6ff1",
    "data": [
      {
        "text": "whazzup",
        "userDefined": false
      }
    ],
    "isTemplate": false,
    "count": 0,
    "updated": 0
  },
  {
    "id": "fa0ea43e-8a26-41a1-88b4-d5aef7cb37c6",
    "data": [
      {
        "text": "what is ",
        "userDefined": false
      },
      {
        "text": "on",
        "meta": "@sys.ignore",
        "userDefined": false
      },
      {
        "text": " ",
        "userDefined": false
      },
      {
        "text": "your",
        "meta": "@sys.ignore",
        "userDefined": false
      },
      {
        "text": " mind",
        "userDefined": false
      }
    ],
    "isTemplate": false,
    "count": 0,
    "updated": 0
  },
  {
    "id": "10a657d2-980b-4acc-bf06-e60394c5282d",
    "data": [
      {
        "text": "what\u0027s shaking",
        "userDefined": false
      }
    ],
    "isTemplate": false,
    "count": 0,
    "updated": 0
  },
  {
    "id": "2597ddd1-e827-4f83-ba0f-9fd3ca4a428b",
    "data": [
      {
        "text": "hey what\u0027s up",
        "userDefined": false
      }
    ],
    "isTemplate": false,
    "count": 0,
    "updated": 0
  },
  {
    "id": "f5678496-65ae-4599-9786-ab2c2c0511bd",
    "data": [
      {
        "text": "what\u0027s cooking",
        "userDefined": false
      }
    ],
    "isTemplate": false,
    "count": 1,
    "updated": 0
  },
  {
    "id": "06906397-9530-463e-8b8e-ed3f867c874e",
    "data": [
      {
        "text": "I said what\u0027s up",
        "userDefined": false
      }
    ],
    "isTemplate": false,
    "count": 0,
    "updated": 0
  },
  {
    "id": "b16c6c23-d2d2-49d4-b91e-233f1291c825",
    "data": [
      {
        "text": "what is up",
        "userDefined": false
      }
    ],
    "isTemplate": false,
    "count": 0,
    "updated": 0
  },
  {
    "id": "d8e0804c-ed5b-45d2-b596-2b1d37dfda87",
    "data": [
      {
        "text": "wassup",
        "userDefined": false
      }
    ],
    "isTemplate": false,
    "count": 0,
    "updated": 0
  },
  {
    "id": "220b2c6e-2045-4574-8798-00c0d1febd6f",
    "data": [
      {
        "text": "what\u0027s up",
        "userDefined": false
      }
    ],
    "isTemplate": false,
    "count": 0,
    "updated": 0
  },
  {
    "id": "b3f95c67-500b-4b5e-a740-95b72b6274c2",
    "data": [
      {
        "text": "what\u0027s ",
        "userDefined": false
      },
      {
        "text": "up",
        "meta": "@sys.ignore",
        "userDefined": true
      },
      {
        "text": " ",
        "userDefined": false
      },
      {
        "text": "today",
        "meta": "@sys.ignore",
        "userDefined": true
      }
    ],
    "isTemplate": false,
    "count": 0,
    "updated": 0
  },
  {
    "id": "7a263e1f-278a-4698-aa1a-368aeb1384d6",
    "data": [
      {
        "text": "what is happening",
        "userDefined": false
      }
    ],
    "isTemplate": false,
    "count": 0,
    "updated": 0
  },
  {
    "id": "7241ca3c-9947-41eb-a7f1-26aa46057ecc",
    "data": [
      {
        "text": "what\u0027s cracking",
        "userDefined": false
      }
    ],
    "isTemplate": false,
    "count": 0,
    "updated": 0
  },
  {
    "id": "ba2a64da-b411-43fd-8cf5-40f3363c3385",
    "data": [
      {
        "text": "then what\u0027s up",
        "userDefined": false
      }
    ],
    "isTemplate": false,
    "count": 0,
    "updated": 0
  },
  {
    "id": "23281163-57ed-4605-8ad0-8569c480cf11",
    "data": [
      {
        "text": "good",
        "meta": "@sys.ignore",
        "userDefined": false
      },
      {
        "text": " what\u0027s up",
        "userDefined": false
      }
    ],
    "isTemplate": false,
    "count": 0,
    "updated": 0
  }
]