[
  {
    "id": "3b0d22fd-b0d5-4e72-85be-7d40991ea1d2",
    "data": [
      {
        "text": "let us talk",
        "userDefined": false
      }
    ],
    "isTemplate": false,
    "count": 0,
    "updated": 1518110353
  },
  {
    "id": "debe4f16-2e14-44b1-a582-e0acc149e9e2",
    "data": [
      {
        "text": "can we chat",
        "userDefined": false
      }
    ],
    "isTemplate": false,
    "count": 0,
    "updated": 1518110353
  },
  {
    "id": "7368b064-6eb1-4364-94cd-f7fda78d0241",
    "data": [
      {
        "text": "can I start speaking",
        "userDefined": false
      }
    ],
    "isTemplate": false,
    "count": 0,
    "updated": 0
  },
  {
    "id": "21e0f82e-e188-429d-98ac-d7deee4bd106",
    "data": [
      {
        "text": "can we talk",
        "userDefined": false
      }
    ],
    "isTemplate": false,
    "count": 0,
    "updated": 1518110353
  },
  {
    "id": "466b5a3e-4850-47bd-9d29-43f1b1a07888",
    "data": [
      {
        "text": "let\u0027s have a discussion",
        "userDefined": false
      }
    ],
    "isTemplate": false,
    "count": 0,
    "updated": 1518110353
  },
  {
    "id": "7cda35d0-098b-4918-a7aa-7fccad77793a",
    "data": [
      {
        "text": "I just want to talk",
        "userDefined": false
      }
    ],
    "isTemplate": false,
    "count": 0,
    "updated": 0
  },
  {
    "id": "e8d03250-47c0-459b-8c27-cbd70a633b7e",
    "data": [
      {
        "text": "can I speak",
        "userDefined": false
      }
    ],
    "isTemplate": false,
    "count": 0,
    "updated": 1518110353
  },
  {
    "id": "7cfb6a20-af79-4135-aa9b-ce7b2fe4f937",
    "data": [
      {
        "text": "I want to speak with you",
        "userDefined": false
      }
    ],
    "isTemplate": false,
    "count": 0,
    "updated": 1518110353
  },
  {
    "id": "c6e77951-2b65-458e-b254-13370eecc8d7",
    "data": [
      {
        "text": "I want to talk to you",
        "userDefined": false
      }
    ],
    "isTemplate": false,
    "count": 0,
    "updated": 1518110353
  },
  {
    "id": "b224948c-d1ea-4bd3-b66c-36cfee4ea31c",
    "data": [
      {
        "text": "I need to talk to you",
        "userDefined": false
      }
    ],
    "isTemplate": false,
    "count": 0,
    "updated": 1518110353
  },
  {
    "id": "cbfaaf7c-7de4-4b16-a2b3-a4fd5ba45ae2",
    "data": [
      {
        "text": "let\u0027s discuss something",
        "userDefined": false
      }
    ],
    "isTemplate": false,
    "count": 1,
    "updated": 1518110353
  },
  {
    "id": "783132f5-5df3-43ee-a656-13cdaee3ce47",
    "data": [
      {
        "text": "let\u0027s talk",
        "userDefined": false
      }
    ],
    "isTemplate": false,
    "count": 0,
    "updated": 1518110353
  }
]