[
  {
    "id": "a3523790-7ed9-4ca4-9f9f-b26eb7c12e5b",
    "data": [
      {
        "text": "I\u0027m excited to start our friendship",
        "userDefined": false
      }
    ],
    "isTemplate": false,
    "count": 0,
    "updated": 1529428334
  },
  {
    "id": "b00fdc41-c243-47bb-a131-fc0beba2745d",
    "data": [
      {
        "text": "how excited I am",
        "userDefined": false
      }
    ],
    "isTemplate": false,
    "count": 0,
    "updated": 1529428334
  },
  {
    "id": "f7e5d982-742a-49bf-9417-8338b009c2b0",
    "data": [
      {
        "text": "I\u0027m excited about working with you",
        "userDefined": false
      }
    ],
    "isTemplate": false,
    "count": 0,
    "updated": 1529428334
  },
  {
    "id": "c8ba8daf-a468-4f2f-b6f1-b2a6063776b3",
    "data": [
      {
        "text": "I\u0027m really excited",
        "userDefined": false
      }
    ],
    "isTemplate": false,
    "count": 0,
    "updated": 1529428334
  },
  {
    "id": "24fcda34-a2b8-4c12-a923-e27feff1a463",
    "data": [
      {
        "text": "I am excited",
        "userDefined": false
      }
    ],
    "isTemplate": false,
    "count": 0,
    "updated": 1529428334
  },
  {
    "id": "689e319d-adaa-4c51-8f5e-743b745ec111",
    "data": [
      {
        "text": "I\u0027m thrilled",
        "userDefined": false
      }
    ],
    "isTemplate": false,
    "count": 0,
    "updated": 1529428334
  }
]