[
  {
    "id": "17aa48d4-9e1b-44ee-a0dc-692e6da42bd3",
    "data": [
      {
        "text": "it",
        "meta": "@sys.ignore",
        "userDefined": true
      },
      {
        "text": "\u0027s good",
        "userDefined": false
      }
    ],
    "isTemplate": false,
    "count": 3,
    "updated": 1529427967
  },
  {
    "id": "9dbae4b2-fc6a-4b15-b423-c121373b7637",
    "data": [
      {
        "text": "I\u0027m",
        "meta": "@sys.ignore",
        "userDefined": true
      },
      {
        "text": " glad to hear that",
        "userDefined": false
      }
    ],
    "isTemplate": false,
    "count": 1,
    "updated": 1529427967
  },
  {
    "id": "95482c28-6145-49b5-9b97-4cb99a5b4a50",
    "data": [
      {
        "text": "not too ",
        "userDefined": false
      },
      {
        "text": "bad",
        "meta": "@sys.ignore",
        "userDefined": true
      }
    ],
    "isTemplate": false,
    "count": 2,
    "updated": 1529427967
  },
  {
    "id": "8c8f71ce-339a-44a3-886e-cf805e3fdda2",
    "data": [
      {
        "text": "great",
        "meta": "@sys.ignore",
        "userDefined": true
      }
    ],
    "isTemplate": false,
    "count": 2,
    "updated": 1529427967
  },
  {
    "id": "eecf9a0b-abb7-4d89-9b39-e96be7389f83",
    "data": [
      {
        "text": "really ",
        "userDefined": false
      },
      {
        "text": "well",
        "meta": "@sys.ignore",
        "userDefined": true
      }
    ],
    "isTemplate": false,
    "count": 1,
    "updated": 1529427967
  },
  {
    "id": "980914c9-c8a1-4713-8717-e34d7af5b291",
    "data": [
      {
        "text": "this is ",
        "userDefined": false
      },
      {
        "text": "great",
        "meta": "@sys.ignore",
        "userDefined": true
      }
    ],
    "isTemplate": false,
    "count": 1,
    "updated": 1529427967
  },
  {
    "id": "4ab72537-8237-4469-874b-78ae781db07f",
    "data": [
      {
        "text": "that\u0027s cute",
        "userDefined": false
      }
    ],
    "isTemplate": false,
    "count": 1,
    "updated": 1529427967
  },
  {
    "id": "717f935d-5165-44d5-a325-25db775f0c1c",
    "data": [
      {
        "text": "cool",
        "meta": "@sys.ignore",
        "userDefined": false
      }
    ],
    "isTemplate": false,
    "count": 1,
    "updated": 1529427967
  },
  {
    "id": "84396193-443f-424c-8c56-767451b20269",
    "data": [
      {
        "text": "that\u0027s wonderful",
        "userDefined": false
      }
    ],
    "isTemplate": false,
    "count": 1,
    "updated": 1529427967
  },
  {
    "id": "5bf029b2-9570-46e1-84ed-44123a7ab483",
    "data": [
      {
        "text": "that\u0027s perfect",
        "userDefined": false
      }
    ],
    "isTemplate": false,
    "count": 1,
    "updated": 1529427967
  },
  {
    "id": "22246311-ed9b-4c29-9d6f-a846b88bdbd9",
    "data": [
      {
        "text": "sweet",
        "userDefined": false
      }
    ],
    "isTemplate": false,
    "count": 2,
    "updated": 1529427967
  },
  {
    "id": "dd8fa75d-6bbe-4d89-84cb-c583825e4ee3",
    "data": [
      {
        "text": "it",
        "meta": "@sys.ignore",
        "userDefined": true
      },
      {
        "text": " was ",
        "userDefined": false
      },
      {
        "text": "good",
        "meta": "@sys.ignore",
        "userDefined": true
      }
    ],
    "isTemplate": false,
    "count": 1,
    "updated": 1529427967
  },
  {
    "id": "9241e510-a3df-4ba8-9a4b-50004d85ddd1",
    "data": [
      {
        "text": "fine",
        "meta": "@sys.ignore",
        "userDefined": true
      }
    ],
    "isTemplate": false,
    "count": 1,
    "updated": 1529427967
  },
  {
    "id": "9ff3c11e-ffd3-4b67-8901-729760de643a",
    "data": [
      {
        "text": "that\u0027s a ",
        "userDefined": false
      },
      {
        "text": "good",
        "meta": "@sys.ignore",
        "userDefined": true
      },
      {
        "text": " thing",
        "userDefined": false
      }
    ],
    "isTemplate": false,
    "count": 1,
    "updated": 1529427967
  },
  {
    "id": "06868f6d-7223-4a6e-8a18-8c0f77586b6f",
    "data": [
      {
        "text": "that\u0027s ",
        "userDefined": false
      },
      {
        "text": "nice",
        "meta": "@sys.ignore",
        "userDefined": true
      },
      {
        "text": " ",
        "userDefined": false
      },
      {
        "text": "of",
        "meta": "@sys.ignore",
        "userDefined": true
      },
      {
        "text": " you",
        "userDefined": false
      }
    ],
    "isTemplate": false,
    "count": 1,
    "updated": 1529427967
  },
  {
    "id": "a122e42f-e346-4f46-85b9-e667cb9e52e9",
    "data": [
      {
        "text": "good",
        "meta": "@sys.ignore",
        "userDefined": true
      }
    ],
    "isTemplate": false,
    "count": 2,
    "updated": 1529427967
  },
  {
    "id": "e396b6d1-04ab-4270-8fdf-763576ed290f",
    "data": [
      {
        "text": "good",
        "meta": "@sys.ignore",
        "userDefined": true
      },
      {
        "text": " to know",
        "userDefined": false
      }
    ],
    "isTemplate": false,
    "count": 1,
    "updated": 1529427967
  },
  {
    "id": "dd33f3a9-58aa-45e2-b9bb-e8050f3fb122",
    "data": [
      {
        "text": "that\u0027s awesome",
        "userDefined": false
      }
    ],
    "isTemplate": false,
    "count": 1,
    "updated": 1529427967
  },
  {
    "id": "4bf6f50c-ab72-4d14-ac00-5d6d4cfc123d",
    "data": [
      {
        "text": "that was pretty ",
        "userDefined": false
      },
      {
        "text": "good",
        "meta": "@sys.ignore",
        "userDefined": true
      }
    ],
    "isTemplate": false,
    "count": 1,
    "updated": 1529427967
  },
  {
    "id": "d91b0e4a-524e-4223-bde9-4d870da7a538",
    "data": [
      {
        "text": "that\u0027s ",
        "userDefined": false
      },
      {
        "text": "fine",
        "meta": "@sys.ignore",
        "userDefined": true
      }
    ],
    "isTemplate": false,
    "count": 1,
    "updated": 1529427967
  },
  {
    "id": "2a81dc00-a5d7-4084-92de-34c41187c183",
    "data": [
      {
        "text": "straight",
        "userDefined": false
      }
    ],
    "isTemplate": false,
    "count": 1,
    "updated": 1529427967
  },
  {
    "id": "1c4727c3-f2a1-4cbe-9abb-7c7452fa57b2",
    "data": [
      {
        "text": "that\u0027s amazing",
        "userDefined": false
      }
    ],
    "isTemplate": false,
    "count": 1,
    "updated": 1529427967
  },
  {
    "id": "1ef7cd8d-53bd-4f09-ac03-f78f48bbc10c",
    "data": [
      {
        "text": "that\u0027s much better",
        "userDefined": false
      }
    ],
    "isTemplate": false,
    "count": 1,
    "updated": 1529427967
  },
  {
    "id": "33912c40-9bc6-42ac-8bac-0408a8ea35e6",
    "data": [
      {
        "text": "wonderful",
        "userDefined": false
      }
    ],
    "isTemplate": false,
    "count": 1,
    "updated": 1529427967
  },
  {
    "id": "9e57f824-a758-40e4-b5e2-efd952c0e878",
    "data": [
      {
        "text": "that\u0027s pretty ",
        "userDefined": false
      },
      {
        "text": "good",
        "meta": "@sys.ignore",
        "userDefined": true
      }
    ],
    "isTemplate": false,
    "count": 1,
    "updated": 1529427967
  },
  {
    "id": "7978d5e6-05f7-4926-980f-5fef62861649",
    "data": [
      {
        "text": "fantastic",
        "userDefined": false
      }
    ],
    "isTemplate": false,
    "count": 1,
    "updated": 1529427967
  },
  {
    "id": "1f94db32-d00f-45d3-87e7-02d3ba3c7a9b",
    "data": [
      {
        "text": "that\u0027s awesome ",
        "userDefined": false
      },
      {
        "text": "thank you",
        "meta": "@sys.ignore",
        "userDefined": true
      }
    ],
    "isTemplate": false,
    "count": 1,
    "updated": 1529427967
  },
  {
    "id": "3930dd37-bdfc-42ed-9440-648ba1b2eb70",
    "data": [
      {
        "text": "that\u0027s great",
        "userDefined": false
      }
    ],
    "isTemplate": false,
    "count": 1,
    "updated": 1529427967
  },
  {
    "id": "08230b79-549b-4311-9b2f-eb049169359c",
    "data": [
      {
        "text": "okay good",
        "userDefined": false
      }
    ],
    "isTemplate": false,
    "count": 1,
    "updated": 1529427967
  },
  {
    "id": "7f1e88af-7e4c-4349-b9c2-46ff5b0e3a07",
    "data": [
      {
        "text": "that is wonderful",
        "userDefined": false
      }
    ],
    "isTemplate": false,
    "count": 1,
    "updated": 1529427967
  },
  {
    "id": "4f85249f-30c3-4bf3-85b3-6dcbfb61b19b",
    "data": [
      {
        "text": "terrific",
        "userDefined": false
      }
    ],
    "isTemplate": false,
    "count": 2,
    "updated": 1529427967
  },
  {
    "id": "221c3b39-ddcf-4b1d-8ac4-ec44f8e2603d",
    "data": [
      {
        "text": "very ",
        "userDefined": false
      },
      {
        "text": "well",
        "meta": "@sys.ignore",
        "userDefined": true
      }
    ],
    "isTemplate": false,
    "count": 1,
    "updated": 1529427967
  },
  {
    "id": "b6a06078-60e2-4963-bacd-4235e645a674",
    "data": [
      {
        "text": "ok ",
        "userDefined": false
      },
      {
        "text": "good",
        "meta": "@sys.ignore",
        "userDefined": true
      }
    ],
    "isTemplate": false,
    "count": 1,
    "updated": 1529427967
  },
  {
    "id": "546f46be-d82c-49f6-a8c4-844a1af97106",
    "data": [
      {
        "text": "it\u0027s very good",
        "userDefined": false
      }
    ],
    "isTemplate": false,
    "count": 1,
    "updated": 1529427967
  },
  {
    "id": "183c3431-92f2-46b5-9945-9baaf6d3b76d",
    "data": [
      {
        "text": "that\u0027s very ",
        "userDefined": false
      },
      {
        "text": "good",
        "meta": "@sys.ignore",
        "userDefined": true
      }
    ],
    "isTemplate": false,
    "count": 3,
    "updated": 1529427967
  },
  {
    "id": "f2b8baf2-a0a5-4ea7-902f-930dae4607ac",
    "data": [
      {
        "text": "that was awesome",
        "userDefined": false
      }
    ],
    "isTemplate": false,
    "count": 1,
    "updated": 1529427967
  },
  {
    "id": "0ae61f6a-d859-4cf5-8685-19070a24b9bb",
    "data": [
      {
        "text": "so sweet ",
        "userDefined": false
      },
      {
        "text": "of",
        "meta": "@sys.ignore",
        "userDefined": true
      },
      {
        "text": " you",
        "userDefined": false
      }
    ],
    "isTemplate": false,
    "count": 1,
    "updated": 1529427967
  },
  {
    "id": "330c117b-fedb-4f0f-8b59-7388165a8a3a",
    "data": [
      {
        "text": "marvelous",
        "userDefined": false
      }
    ],
    "isTemplate": false,
    "count": 1,
    "updated": 1529427967
  },
  {
    "id": "04deac8a-8bea-46c9-8747-6001897420c6",
    "data": [
      {
        "text": "very ",
        "userDefined": false
      },
      {
        "text": "nice",
        "meta": "@sys.ignore",
        "userDefined": true
      }
    ],
    "isTemplate": false,
    "count": 1,
    "updated": 1529427967
  },
  {
    "id": "922828cf-9a30-4e3d-b280-9bb295cc47a6",
    "data": [
      {
        "text": "oh ",
        "userDefined": false
      },
      {
        "text": "well",
        "meta": "@sys.ignore",
        "userDefined": true
      }
    ],
    "isTemplate": false,
    "count": 1,
    "updated": 1529427967
  },
  {
    "id": "e8a4828f-d9af-4348-b38a-19d0007eb2e4",
    "data": [
      {
        "text": "that\u0027s sweet ",
        "userDefined": false
      },
      {
        "text": "of",
        "meta": "@sys.ignore",
        "userDefined": true
      },
      {
        "text": " you",
        "userDefined": false
      }
    ],
    "isTemplate": false,
    "count": 1,
    "updated": 1529427967
  },
  {
    "id": "efcee6d6-b8ce-4d18-9ca0-605e3d919f0e",
    "data": [
      {
        "text": "that\u0027s ",
        "userDefined": false
      },
      {
        "text": "great",
        "meta": "@sys.ignore",
        "userDefined": true
      }
    ],
    "isTemplate": false,
    "count": 4,
    "updated": 1529427967
  },
  {
    "id": "4f027b35-daf1-4075-8ad1-7d5407131e03",
    "data": [
      {
        "text": "excellent",
        "userDefined": false
      }
    ],
    "isTemplate": false,
    "count": 1,
    "updated": 1529427967
  },
  {
    "id": "f6ed7d20-804b-4595-9ae6-4e570cfab0dc",
    "data": [
      {
        "text": "really ",
        "userDefined": false
      },
      {
        "text": "nice",
        "meta": "@sys.ignore",
        "userDefined": true
      }
    ],
    "isTemplate": false,
    "count": 1,
    "updated": 1529427967
  },
  {
    "id": "951e0a4f-40ad-4210-b08e-17495f149bb1",
    "data": [
      {
        "text": "very then",
        "userDefined": false
      }
    ],
    "isTemplate": false,
    "count": 1,
    "updated": 1529427967
  },
  {
    "id": "138b6328-2d76-45fd-a9b0-bbb29f0894c3",
    "data": [
      {
        "text": "that\u0027s ",
        "userDefined": false
      },
      {
        "text": "nice",
        "meta": "@sys.ignore",
        "userDefined": true
      }
    ],
    "isTemplate": false,
    "count": 2,
    "updated": 1529427967
  },
  {
    "id": "ec4767e4-12c2-46cb-b798-b473bb1c273e",
    "data": [
      {
        "text": "it\u0027s fine",
        "userDefined": false
      }
    ],
    "isTemplate": false,
    "count": 1,
    "updated": 1529427967
  },
  {
    "id": "c4840895-94e8-4471-8a5b-94d20be20ae0",
    "data": [
      {
        "text": "nice",
        "meta": "@sys.ignore",
        "userDefined": true
      }
    ],
    "isTemplate": false,
    "count": 1,
    "updated": 1529427967
  },
  {
    "id": "e6216fa6-c592-46fb-ae2c-3f0bd9081925",
    "data": [
      {
        "text": "really ",
        "userDefined": false
      },
      {
        "text": "good",
        "meta": "@sys.ignore",
        "userDefined": true
      }
    ],
    "isTemplate": false,
    "count": 2,
    "updated": 1529427967
  },
  {
    "id": "214e30ac-0ca3-442d-97b9-e79b14c2a089",
    "data": [
      {
        "text": "it\u0027s",
        "meta": "@sys.ignore",
        "userDefined": true
      },
      {
        "text": " ",
        "userDefined": false
      },
      {
        "text": "great",
        "meta": "@sys.ignore",
        "userDefined": true
      }
    ],
    "isTemplate": false,
    "count": 1,
    "updated": 1529427967
  },
  {
    "id": "af82e256-b7a1-4afb-b486-f771501eb7d4",
    "data": [
      {
        "text": "that\u0027s better",
        "userDefined": false
      }
    ],
    "isTemplate": false,
    "count": 1,
    "updated": 1529427967
  },
  {
    "id": "608c6d24-4746-43a2-a466-38693ed7a571",
    "data": [
      {
        "text": "so ",
        "userDefined": false
      },
      {
        "text": "cool",
        "meta": "@sys.ignore",
        "userDefined": false
      }
    ],
    "isTemplate": false,
    "count": 1,
    "updated": 1529427967
  },
  {
    "id": "a48d6da7-a7b8-4269-bd76-b31659c251c0",
    "data": [
      {
        "text": "that was amazing",
        "userDefined": false
      }
    ],
    "isTemplate": false,
    "count": 1,
    "updated": 1529427967
  },
  {
    "id": "88f46cc3-e5da-4f58-a7f3-99c211440e6e",
    "data": [
      {
        "text": "very nice",
        "userDefined": false
      }
    ],
    "isTemplate": false,
    "count": 1,
    "updated": 1529427967
  },
  {
    "id": "62fc8ba3-b395-4ba1-a39f-f36fac565d37",
    "data": [
      {
        "text": "it",
        "meta": "@sys.ignore",
        "userDefined": true
      },
      {
        "text": " is ",
        "userDefined": false
      },
      {
        "text": "fine",
        "meta": "@sys.ignore",
        "userDefined": true
      }
    ],
    "isTemplate": false,
    "count": 1,
    "updated": 1529427967
  },
  {
    "id": "ff2909d5-cdb8-487a-891e-5fbb5f7c6c0c",
    "data": [
      {
        "text": "this is ",
        "userDefined": false
      },
      {
        "text": "good",
        "meta": "@sys.ignore",
        "userDefined": true
      }
    ],
    "isTemplate": false,
    "count": 1,
    "updated": 1529427967
  },
  {
    "id": "fb1c7306-2135-4b17-81b9-cf1eb2219c34",
    "data": [
      {
        "text": "that is ",
        "userDefined": false
      },
      {
        "text": "good",
        "meta": "@sys.ignore",
        "userDefined": true
      }
    ],
    "isTemplate": false,
    "count": 1,
    "updated": 1529427967
  },
  {
    "id": "0db908bf-ed0d-469c-bbb8-614d0b1e9542",
    "data": [
      {
        "text": "that\u0027s not ",
        "userDefined": false
      },
      {
        "text": "bad",
        "meta": "@sys.ignore",
        "userDefined": true
      }
    ],
    "isTemplate": false,
    "count": 1,
    "updated": 1529427967
  },
  {
    "id": "ef5874db-8e94-4b44-bd62-da43dfea706d",
    "data": [
      {
        "text": "glad to hear that",
        "userDefined": false
      }
    ],
    "isTemplate": false,
    "count": 1,
    "updated": 1529427967
  },
  {
    "id": "1fc10110-f231-47a8-a2b6-3fae9140a07d",
    "data": [
      {
        "text": "it",
        "meta": "@sys.ignore",
        "userDefined": true
      },
      {
        "text": " is ",
        "userDefined": false
      },
      {
        "text": "good",
        "meta": "@sys.ignore",
        "userDefined": true
      }
    ],
    "isTemplate": false,
    "count": 1,
    "updated": 1529427967
  },
  {
    "id": "a8be6c62-d308-45a2-8c60-8c6f31b49beb",
    "data": [
      {
        "text": "much better",
        "userDefined": false
      }
    ],
    "isTemplate": false,
    "count": 1,
    "updated": 1529427967
  },
  {
    "id": "b9083ffe-ae9d-4016-9aa5-d6de8f98e612",
    "data": [
      {
        "text": "splendid",
        "userDefined": false
      }
    ],
    "isTemplate": false,
    "count": 1,
    "updated": 1529427967
  },
  {
    "id": "7e22b910-d799-4cc0-8683-d805e93f56e8",
    "data": [
      {
        "text": "that\u0027s very ",
        "userDefined": false
      },
      {
        "text": "nice",
        "meta": "@sys.ignore",
        "userDefined": true
      },
      {
        "text": " ",
        "userDefined": false
      },
      {
        "text": "of",
        "meta": "@sys.ignore",
        "userDefined": true
      },
      {
        "text": " you",
        "userDefined": false
      }
    ],
    "isTemplate": false,
    "count": 1,
    "updated": 1529427967
  },
  {
    "id": "796b7b1e-1d79-4ce1-80a5-1deaa3ef60eb",
    "data": [
      {
        "text": "that is ",
        "userDefined": false
      },
      {
        "text": "nice",
        "meta": "@sys.ignore",
        "userDefined": true
      }
    ],
    "isTemplate": false,
    "count": 1,
    "updated": 1529427967
  },
  {
    "id": "654f9cf4-f95f-491a-b551-95c97f76da8b",
    "data": [
      {
        "text": "this is awesome",
        "userDefined": false
      }
    ],
    "isTemplate": false,
    "count": 1,
    "updated": 1529427967
  },
  {
    "id": "9fe0bb98-b153-4b28-a8b4-bc0d00d573e1",
    "data": [
      {
        "text": "good",
        "meta": "@sys.ignore",
        "userDefined": true
      },
      {
        "text": " very ",
        "userDefined": false
      },
      {
        "text": "good",
        "meta": "@sys.ignore",
        "userDefined": true
      }
    ],
    "isTemplate": false,
    "count": 1,
    "updated": 1529427967
  },
  {
    "id": "20e210d0-ea0c-4464-b8f3-f44a9acad2df",
    "data": [
      {
        "text": "that\u0027s really ",
        "userDefined": false
      },
      {
        "text": "nice",
        "meta": "@sys.ignore",
        "userDefined": true
      }
    ],
    "isTemplate": false,
    "count": 1,
    "updated": 1529427967
  },
  {
    "id": "4225ce60-8b68-4350-abb1-4c2288230bba",
    "data": [
      {
        "text": "that\u0027s very ",
        "userDefined": false
      },
      {
        "text": "nice",
        "meta": "@sys.ignore",
        "userDefined": true
      }
    ],
    "isTemplate": false,
    "count": 2,
    "updated": 1529427967
  },
  {
    "id": "c61e6a36-8e0e-479c-a10a-3e115941e831",
    "data": [
      {
        "text": "pretty ",
        "userDefined": false
      },
      {
        "text": "good",
        "meta": "@sys.ignore",
        "userDefined": true
      }
    ],
    "isTemplate": false,
    "count": 1,
    "updated": 1529427967
  },
  {
    "id": "dcb935eb-98cc-4af7-a59c-f89f9a6e73b4",
    "data": [
      {
        "text": "that\u0027s fantastic",
        "userDefined": false
      }
    ],
    "isTemplate": false,
    "count": 1,
    "updated": 1529427967
  },
  {
    "id": "84ec8b6f-fe75-4a50-9736-3a6ef6aaff08",
    "data": [
      {
        "text": "glad to hear ",
        "userDefined": false
      },
      {
        "text": "it",
        "meta": "@sys.ignore",
        "userDefined": true
      }
    ],
    "isTemplate": false,
    "count": 1,
    "updated": 1529427967
  },
  {
    "id": "5f064cca-1377-4502-a303-40ea1ec87826",
    "data": [
      {
        "text": "good",
        "meta": "@sys.ignore",
        "userDefined": true
      },
      {
        "text": " for you",
        "userDefined": false
      }
    ],
    "isTemplate": false,
    "count": 1,
    "updated": 1529427967
  },
  {
    "id": "1f500970-01e8-4977-896f-04f106d2e957",
    "data": [
      {
        "text": "that is awesome",
        "userDefined": false
      }
    ],
    "isTemplate": false,
    "count": 2,
    "updated": 1529427967
  },
  {
    "id": "48213a79-8782-4d42-9b24-4bdb3b0f786d",
    "data": [
      {
        "text": "it",
        "meta": "@sys.ignore",
        "userDefined": true
      },
      {
        "text": "\u0027s great",
        "userDefined": false
      }
    ],
    "isTemplate": false,
    "count": 4,
    "updated": 1529427967
  },
  {
    "id": "e4ab9c38-9e59-4b5f-89c2-b3388fc6f5a7",
    "data": [
      {
        "text": "pleasant",
        "userDefined": false
      }
    ],
    "isTemplate": false,
    "count": 1,
    "updated": 1529427967
  },
  {
    "id": "8aa470c0-5858-4635-b9cd-bd24d4d0b9b3",
    "data": [
      {
        "text": "so ",
        "userDefined": false
      },
      {
        "text": "good",
        "meta": "@sys.ignore",
        "userDefined": true
      }
    ],
    "isTemplate": false,
    "count": 1,
    "updated": 1529427967
  },
  {
    "id": "bce36eb4-fa95-4ba3-9dcd-1a736c6f6db1",
    "data": [
      {
        "text": "that was good",
        "userDefined": false
      }
    ],
    "isTemplate": false,
    "count": 1,
    "updated": 1529427967
  },
  {
    "id": "1cc911dd-4b36-4203-81c2-c81a2b58d497",
    "data": [
      {
        "text": "super fantastic",
        "userDefined": false
      }
    ],
    "isTemplate": false,
    "count": 1,
    "updated": 1529427967
  },
  {
    "id": "c65d89ab-7f73-46f1-b770-50d13a16f09f",
    "data": [
      {
        "text": "no ",
        "userDefined": false
      },
      {
        "text": "it",
        "meta": "@sys.ignore",
        "userDefined": true
      },
      {
        "text": "\u0027s ",
        "userDefined": false
      },
      {
        "text": "okay",
        "meta": "@sys.ignore",
        "userDefined": true
      }
    ],
    "isTemplate": false,
    "count": 1,
    "updated": 1529427967
  },
  {
    "id": "3f1deec0-ebf3-44e3-9b88-5ac0a41c00da",
    "data": [
      {
        "text": "it\u0027s amazing",
        "userDefined": false
      }
    ],
    "isTemplate": false,
    "count": 1,
    "updated": 1529427967
  },
  {
    "id": "f7f7cf1e-0c1e-4ca2-b51b-ac6610e0c2a1",
    "data": [
      {
        "text": "that\u0027s a ",
        "userDefined": false
      },
      {
        "text": "good",
        "meta": "@sys.ignore",
        "userDefined": true
      },
      {
        "text": " idea",
        "userDefined": false
      }
    ],
    "isTemplate": false,
    "count": 1,
    "updated": 1529427967
  },
  {
    "id": "77b62112-7c1f-4f3a-a1a3-57dae2c095f0",
    "data": [
      {
        "text": "it\u0027s",
        "meta": "@sys.ignore",
        "userDefined": true
      },
      {
        "text": " perfect",
        "userDefined": false
      }
    ],
    "isTemplate": false,
    "count": 2,
    "updated": 1529427967
  },
  {
    "id": "8dcfbb84-9533-4efc-9be3-aae76b7ca347",
    "data": [
      {
        "text": "not ",
        "userDefined": false
      },
      {
        "text": "bad",
        "meta": "@sys.ignore",
        "userDefined": true
      }
    ],
    "isTemplate": false,
    "count": 1,
    "updated": 1529427967
  },
  {
    "id": "97471a9d-564d-42db-9b46-0fd8be0b79cb",
    "data": [
      {
        "text": "very ",
        "userDefined": false
      },
      {
        "text": "good",
        "meta": "@sys.ignore",
        "userDefined": true
      }
    ],
    "isTemplate": false,
    "count": 1,
    "updated": 1529427967
  },
  {
    "id": "dcc16b48-d2b3-47c0-adbe-41a44efccbcf",
    "data": [
      {
        "text": "amazing",
        "userDefined": false
      }
    ],
    "isTemplate": false,
    "count": 1,
    "updated": 1529427967
  },
  {
    "id": "92a8a9ba-418a-4ad2-a190-1c715cd7da18",
    "data": [
      {
        "text": "it\u0027s awesome",
        "userDefined": false
      }
    ],
    "isTemplate": false,
    "count": 1,
    "updated": 1529427967
  },
  {
    "id": "76b32fff-dd9e-4cda-a6d6-618ac27599c8",
    "data": [
      {
        "text": "it\u0027s",
        "meta": "@sys.ignore",
        "userDefined": true
      },
      {
        "text": " very good",
        "userDefined": false
      }
    ],
    "isTemplate": false,
    "count": 1,
    "updated": 1529427967
  },
  {
    "id": "3a0941f5-4fea-4ba2-be1c-524f5955f1db",
    "data": [
      {
        "text": "super",
        "userDefined": false
      }
    ],
    "isTemplate": false,
    "count": 1,
    "updated": 1529427967
  },
  {
    "id": "2bb76d75-decf-4ef1-af0b-b477dd7a8cc3",
    "data": [
      {
        "text": "that was cute",
        "userDefined": false
      }
    ],
    "isTemplate": false,
    "count": 1,
    "updated": 1529427967
  },
  {
    "id": "18f9044f-5901-4bfe-8a0f-20cc4dc098a4",
    "data": [
      {
        "text": "that was very ",
        "userDefined": false
      },
      {
        "text": "good",
        "meta": "@sys.ignore",
        "userDefined": true
      }
    ],
    "isTemplate": false,
    "count": 1,
    "updated": 1529427967
  },
  {
    "id": "3cd890af-5f8b-404e-ab88-6f8b4bc9605b",
    "data": [
      {
        "text": "that\u0027s fine",
        "userDefined": false
      }
    ],
    "isTemplate": false,
    "count": 1,
    "updated": 1529427967
  },
  {
    "id": "cee9ef3a-2988-409a-915a-70ae1269aa94",
    "data": [
      {
        "text": "perfect",
        "userDefined": false
      }
    ],
    "isTemplate": false,
    "count": 2,
    "updated": 1529427967
  },
  {
    "id": "429a6094-d668-4bcd-8104-97598fe27ba7",
    "data": [
      {
        "text": "good",
        "meta": "@sys.ignore",
        "userDefined": true
      },
      {
        "text": " thing",
        "userDefined": false
      }
    ],
    "isTemplate": false,
    "count": 1,
    "updated": 1529427967
  },
  {
    "id": "eb40014f-bd6f-4caf-b180-294b2f07b062",
    "data": [
      {
        "text": "that\u0027s really ",
        "userDefined": false
      },
      {
        "text": "good",
        "meta": "@sys.ignore",
        "userDefined": true
      }
    ],
    "isTemplate": false,
    "count": 1,
    "updated": 1529427967
  }
]