[
  {
    "id": "a6a9be87-7ee4-45e0-8384-52445daf204b",
    "data": [
      {
        "text": "bored",
        "userDefined": false
      }
    ],
    "isTemplate": false,
    "count": 0,
    "updated": 1529517314
  },
  {
    "id": "a5df68ca-bdb1-473b-9777-555efc855b83",
    "data": [
      {
        "text": "boring",
        "meta": "@sys.ignore",
        "userDefined": false
      }
    ],
    "isTemplate": false,
    "count": 0,
    "updated": 1529517314
  },
  {
    "id": "e11b0d9e-30c4-4692-b1f2-35ec9bbca403",
    "data": [
      {
        "text": "it bores me",
        "userDefined": false
      }
    ],
    "isTemplate": false,
    "count": 0,
    "updated": 1529517314
  },
  {
    "id": "bce87c6b-0df7-490b-bf6f-71a23da91e37",
    "data": [
      {
        "text": "that was ",
        "userDefined": false
      },
      {
        "text": "boring",
        "meta": "@sys.ignore",
        "userDefined": false
      }
    ],
    "isTemplate": false,
    "count": 0,
    "updated": 1529517314
  },
  {
    "id": "9eb5b3f2-24c8-45c5-a919-8db727b15a51",
    "data": [
      {
        "text": "this is ",
        "userDefined": false
      },
      {
        "text": "boring",
        "meta": "@sys.ignore",
        "userDefined": false
      }
    ],
    "isTemplate": false,
    "count": 0,
    "updated": 1529517314
  },
  {
    "id": "3ecfba9f-15b6-478c-8884-1ad54d35c0a5",
    "data": [
      {
        "text": "I\u0027m bored",
        "userDefined": false
      }
    ],
    "isTemplate": false,
    "count": 0,
    "updated": 1529517314
  },
  {
    "id": "4f03e0c6-221d-43e8-832e-f94d592664d9",
    "data": [
      {
        "text": "very ",
        "userDefined": false
      },
      {
        "text": "boring",
        "meta": "@sys.ignore",
        "userDefined": false
      }
    ],
    "isTemplate": false,
    "count": 0,
    "updated": 1529517314
  },
  {
    "id": "9db1e94c-681d-4ae0-93f1-6fc6e2aeba04",
    "data": [
      {
        "text": "I am getting bored",
        "userDefined": false
      }
    ],
    "isTemplate": false,
    "count": 0,
    "updated": 1529517314
  }
]