[
  {
    "id": "549af31a-44a0-4d48-adc9-e50dfff8fa76",
    "data": [
      {
        "text": "I\u0027m grieving",
        "userDefined": false
      }
    ],
    "isTemplate": false,
    "count": 0,
    "updated": 1529441206
  },
  {
    "id": "6ad813be-5ccb-4f22-a187-0e373f08d819",
    "data": [
      {
        "text": "I\u0027m having a bad day",
        "userDefined": false
      }
    ],
    "isTemplate": false,
    "count": 0,
    "updated": 1529441206
  },
  {
    "id": "f7702ca7-ed00-41d3-86ef-ad7f7da3620c",
    "data": [
      {
        "text": "I am upset",
        "userDefined": false
      }
    ],
    "isTemplate": false,
    "count": 0,
    "updated": 1529441206
  },
  {
    "id": "ca40a24f-2495-4b6e-97a3-14610c9c0c84",
    "data": [
      {
        "text": "I am feeling sad",
        "userDefined": false
      }
    ],
    "isTemplate": false,
    "count": 0,
    "updated": 1529441206
  },
  {
    "id": "e701fc15-230c-4492-94d7-06a66806708b",
    "data": [
      {
        "text": "I\u0027m unhappy",
        "userDefined": false
      }
    ],
    "isTemplate": false,
    "count": 0,
    "updated": 1529441206
  },
  {
    "id": "99556e58-6080-4904-b106-b5d6412f321b",
    "data": [
      {
        "text": "I am sad",
        "userDefined": false
      }
    ],
    "isTemplate": false,
    "count": 0,
    "updated": 1529441206
  },
  {
    "id": "1c3aeeac-751f-475e-a77a-cc9e21778785",
    "data": [
      {
        "text": "I",
        "meta": "@sys.ignore",
        "userDefined": false
      },
      {
        "text": " want ",
        "userDefined": false
      },
      {
        "text": "to",
        "meta": "@sys.ignore",
        "userDefined": false
      },
      {
        "text": " cry",
        "userDefined": false
      }
    ],
    "isTemplate": false,
    "count": 0,
    "updated": 1529441206
  },
  {
    "id": "9da40b08-042d-47d4-92e1-accf0dcac869",
    "data": [
      {
        "text": "I\u0027m not happy",
        "userDefined": false
      }
    ],
    "isTemplate": false,
    "count": 0,
    "updated": 1529441206
  },
  {
    "id": "d84768b4-ea32-486d-bb83-fd3c9face186",
    "data": [
      {
        "text": "I am depressed",
        "userDefined": false
      }
    ],
    "isTemplate": false,
    "count": 0,
    "updated": 1529441206
  }
]